Word,Definition
Abate,"To reduce in degree or intensity. Often used for things like storms, fears, or emotions."
Abhor,To regard with extreme dislike or hatred. A stronger form of 'dislike'.
Adept,Highly skilled or proficient at something. Often used to describe a person's abilities.
Adorn,To make more beautiful or attractive. Commonly used for decorating objects or people.
Aesthetic,Concerned with beauty or the appreciation of beauty. Related to visual appeal.
Agile,Able to move quickly and easily. Can also refer to mental sharpness.
Alleviate,To ease a pain or burden. Often used in medical or emotional contexts.
Ameliorate,To make something that is bad or unsatisfactory better. A formal improvement.
Amiable,Friendly and pleasant in manner. Often used to describe personalities.
Ample,More than enough in size or capacity. Implies generosity or sufficiency.
Amuse,To entertain or cause laughter. Can also mean to distract pleasantly.
Anticipate,To look forward to or expect. Also means to prepare in advance.
Appraise,To assess the value or quality of something. Often used for property or skills.
Ardent,Very enthusiastic or passionate. Describes strong emotions or dedication.
Arbitrary,Based on random choice or personal whim. Lacks reason or system.
Astute,Having sharp judgment. Often implies cleverness and insight.
Attain,To achieve or reach a goal. Usually through effort or skill.
Avert,To prevent something bad from happening. Can also mean to turn away.
Beckon,To signal or summon someone by gesture. Can imply an invitation or temptation.
Belittle,To make someone or something seem less important. Often used to criticize.
Bewilder,To confuse or puzzle completely. Often leaves someone unsure of what to do.
Blunt,Not sharp or pointed. Also means being very direct in speech.
Bolster,"To support or strengthen something. Can be emotional, physical, or abstract."
Brisk,Quick and energetic. Often used to describe walking or weather.
Buoyant,Able to float. Also used to describe a cheerful or optimistic mood.
Capricious,Given to sudden changes in mood or behavior. Unpredictable or impulsive.
Chastise,To criticize or punish severely. Often for wrongdoing.
Chronicle,A factual written account of events. Usually in chronological order.
Clemency,Mercy or leniency shown toward an offender. Often by someone in authority.
Coerce,To force someone to do something. Often through pressure or threats.
Coherent,Logical and consistent. Ideas or speech that make sense together.
Commence,To begin or start. A formal synonym for 'start'.
Compassion,Sympathy and concern for others' suffering. Leads to a desire to help.
Compel,To force or drive someone to act. Can be through pressure or necessity.
Comprehensive,Complete and including everything necessary. Covers all relevant parts.
Concur,To agree or share the same opinion. Often used in formal contexts.
Condone,To accept or allow behavior that is morally wrong. Often by ignoring it.
Confer,To grant or bestow something. Also means to discuss or consult.
Conform,To follow rules or standards. To fit in with expectations.
Confound,To confuse or surprise someone. Can also mean to prove wrong.
Conjure,"To call upon or bring into existence, often magically. Also used for ideas."
Consensus,General agreement among a group. Often reached after discussion.
Conspicuous,Easily seen or noticed. Attracts attention due to being obvious.
Convey,To communicate or transport. Express an idea clearly.
Copious,Abundant in supply or quantity. Large in number or amount.
Corroborate,To confirm or support with evidence. Often used in research or law.
Cunning,Skillful in deception or cleverness. Can be negative or positive.
Dauntless,Showing fearlessness and determination. Brave in the face of danger.
Decipher,To interpret or make sense of something unclear. Often a code or message.
Defer,To postpone or delay. Can also mean to yield to someoneâ€™s opinion.
Defiance,Open resistance or bold disobedience. Often used in the context of challenging authority.
Deliberate,Done consciously and intentionally. Can also mean to think carefully before deciding.
Demeanor,A person's outward behavior or appearance. Reflects attitude and personality.
Denounce,To publicly declare something wrong or evil. Often used in political or social criticism.
Depict,To show or represent something in words or images. Often used in art or storytelling.
Derive,"To obtain something from a source. Can refer to information, meaning, or origin."
Deteriorate,"To become worse in condition or quality. Used for health, relationships, or materials."
Diligent,Showing steady and careful effort. Describes hardworking and responsible behavior.
Diminish,"To make or become smaller or less. Can refer to value, size, or importance."
Discreet,Careful and cautious in speech or actions. Avoids drawing attention or causing offense.
Disdain,A feeling of contempt or scorn. Often directed at something considered unworthy.
Dismay,A strong feeling of fear or worry. Often due to unexpected trouble.
Disparage,To speak of in a disrespectful way. Belittling someone or something.
Disperse,"To scatter or spread out. Used for people, objects, or substances."
Dissent,Disagreement with a commonly held opinion. Often used in politics or debate.
Distort,To twist out of shape or meaning. Can be physical or related to truth.
Diverge,"To go in different directions. Used for paths, opinions, or data."
Docile,Easily managed or trained. Often describes calm and obedient people or animals.
Dormant,"Inactive or asleep, but capable of becoming active. Often used for volcanoes or skills."
Dubious,Doubtful or suspicious. Something that may not be completely true or reliable.
Eccentric,Unconventional or slightly strange. Often describes behavior or appearance.
Eloquent,Fluent and persuasive in speaking or writing. Shows strong expression of ideas.
Elude,"To escape or avoid, often cleverly. Can refer to capture or understanding."
Embellish,To make something more attractive by adding details. Can also mean exaggeration.
Embody,To represent or express something clearly. Often used for ideas in a person or object.
Empathy,The ability to understand and share another's feelings. Stronger than sympathy.
Endeavor,A serious effort or attempt to achieve something. Often used in formal contexts.
Endorse,To publicly support or approve something. Often used in advertising or politics.
Enhance,"To improve or increase in value or quality. Used for appearance, performance, etc."
Enigmatic,Mysterious and difficult to understand. Often refers to people or expressions.
Enrich,"To improve or make richer. Can refer to knowledge, value, or quality."
Entail,To involve something as a necessary part. Often used in responsibilities or consequences.
Enumerate,To count or list one by one. Often used in academic or legal writing.
Envision,To imagine or picture something in the future. Often used for goals or plans.
Equitable,"Fair and impartial. Used in legal, business, or social contexts."
Erratic,Unpredictable or inconsistent. Often used for behavior or movement.
Erode,To gradually wear away. Often used for natural processes like wind or water.
Eschew,To avoid or deliberately stay away from. Often for ethical or personal reasons.
Establish,"To set up or create something permanently. Used for rules, systems, or organizations."
Esteem,"Respect or admiration, often for a person. Also means to value something highly."
Evade,"To escape or avoid, often illegally or cleverly. Used for taxes, questions, etc."
Evaluate,To assess or judge the value or quality. Common in academic and work contexts.
Evoke,"To bring a feeling, memory, or image to mind. Often used in art or writing."
Exaggerate,To overstate or enlarge beyond truth. Often used to emphasize or impress.
Excel,To be very good at something. To perform better than others.
Exemplify,To serve as a good example. Also used to clarify a point.
Exhaustive,Thorough and complete. Covers all aspects or details.
Exhilarating,Very exciting or thrilling. Causes happiness or stimulation.
Exonerate,To clear from blame or guilt. Often used in legal contexts.
Expedite,To speed up the process or progress. Often used in logistics or business.
